commodities,unit,minimum,maximum,average

Tomato Big(Indian),KG,Rs 130.00,Rs 140.00,Rs 135.00
Tomato Small(Local),KG,Rs 70.00,Rs 90.00,Rs 80.00
Tomato Small(Tunnel),KG,Rs 80.00,Rs 105.00,Rs 93.75
Potato Red,KG,Rs 80.00,Rs 90.00,Rs 86.00
Potato Red(Indian),KG,Rs 58.00,Rs 60.00,Rs 59.00
Potato Red(Mude),KG,Rs 70.00,Rs 80.00,Rs 76.00
Onion Dry (Indian),KG,Rs 100.00,Rs 105.00,Rs 102.67
Carrot(Local),KG,Rs 90.00,Rs 100.00,Rs 95.00
Carrot(Terai),KG,Rs 80.00,Rs 90.00,Rs 85.00
Cabbage(Local),KG,Rs 40.00,Rs 50.00,Rs 45.00
Cabbage(Terai),KG,Rs 40.00,Rs 50.00,Rs 45.00
Cauli Local,KG,Rs 90.00,Rs 100.00,Rs 95.00
Raddish Red,KG,Rs 40.00,Rs 50.00,Rs 45.00
Raddish White(Local),KG,Rs 30.00,Rs 40.00,Rs 35.00
Raddish White(Hybrid),KG,Rs 30.00,Rs 40.00,Rs 35.00
Brinjal Long,KG,Rs 30.00,Rs 40.00,Rs 35.00
Cow pea(Long),KG,Rs 120.00,Rs 130.00,Rs 125.00
Cowpea(Short),KG,Rs 50.00,Rs 60.00,Rs 55.00
Green Peas,KG,Rs 180.00,Rs 200.00,Rs 190.00
French Bean(Local),KG,Rs 60.00,Rs 70.00,Rs 65.00
French Bean(Hybrid),KG,Rs 60.00,Rs 70.00,Rs 65.00
French Bean(Rajma),KG,Rs 180.00,Rs 200.00,Rs 190.00
Sword Bean,KG,Rs 80.00,Rs 90.00,Rs 85.00
Soyabean Green,KG,Rs 80.00,Rs 100.00,Rs 90.00
Bitter Gourd,KG,Rs 60.00,Rs 70.00,Rs 65.00
Bottle Gourd,KG,Rs 40.00,Rs 50.00,Rs 45.00
Pointed Gourd(Local),KG,Rs 50.00,Rs 60.00,Rs 55.00
Snake Gourd,KG,Rs 20.00,Rs 30.00,Rs 25.00
Smooth Gourd,KG,Rs 70.00,Rs 80.00,Rs 75.00
Pumpkin,KG,Rs 50.00,Rs 60.00,Rs 55.00
Squash(Round),KG,Rs 50.00,Rs 60.00,Rs 55.00
Turnip,KG,Rs 100.00,Rs 120.00,Rs 110.00
Okara,KG,Rs 50.00,Rs 60.00,Rs 55.00
Sweet Potato,KG,Rs 80.00,Rs 90.00,Rs 85.00
Barela,KG,Rs 90.00,Rs 100.00,Rs 95.00
Arum,KG,Rs 60.00,Rs 70.00,Rs 65.00
Christophine,KG,Rs 20.00,Rs 30.00,Rs 25.00
Brd Leaf Mustard,KG,Rs 90.00,Rs 100.00,Rs 95.00
Spinach Leaf,KG,Rs 80.00,Rs 90.00,Rs 85.00
Cress Leaf,KG,Rs 150.00,Rs 200.00,Rs 176.67
Mustard Leaf,KG,Rs 70.00,Rs 80.00,Rs 75.00
Onion Green,KG,Rs 200.00,Rs 250.00,Rs 226.67
Mushroom(Kanya),KG,Rs 110.00,Rs 140.00,Rs 126.67
Mushroom(Button),KG,Rs 250.00,Rs 300.00,Rs 276.67
Asparagus,KG,Rs 400.00,Rs 500.00,Rs 450.00
Brocauli,KG,Rs 100.00,Rs 130.00,Rs 115.00
Sugarbeet,KG,Rs 90.00,Rs 100.00,Rs 95.00
Red Cabbbage,KG,Rs 150.00,Rs 200.00,Rs 176.67
Lettuce,KG,Rs 230.00,Rs 250.00,Rs 240.00
Celery,KG,Rs 900.00,"Rs 1,000.00",Rs 950.00
Parseley,KG,"Rs 2,500.00","Rs 3,000.00","Rs 2,766.67"
Mint,KG,Rs 900.00,"Rs 1,000.00",Rs 950.00
Turnip A,KG,Rs 90.00,Rs 100.00,Rs 95.00
Tamarind,KG,Rs 140.00,Rs 150.00,Rs 145.00
Bamboo Shoot,KG,Rs 90.00,Rs 100.00,Rs 95.00
Tofu,KG,Rs 110.00,Rs 120.00,Rs 115.00
Gundruk,KG,Rs 250.00,Rs 300.00,Rs 276.67
Apple(Jholey),KG,Rs 180.00,Rs 200.00,Rs 190.00
Apple(Fuji),KG,Rs 260.00,Rs 300.00,Rs 280.00
Banana,Per Dozen,Rs 150.00,Rs 160.00,Rs 155.00
Lime,KG,Rs 220.00,Rs 240.00,Rs 230.00
Pomegranate,KG,Rs 380.00,Rs 400.00,Rs 390.00
Grapes(Black),KG,Rs 400.00,Rs 430.00,Rs 416.67
Orange(Indian),KG,Rs 100.00,Rs 120.00,Rs 110.00
Water Melon(Green),KG,Rs 80.00,Rs 95.00,Rs 88.33
Sweet Orange,KG,Rs 100.00,Rs 130.00,Rs 116.67
Mandarin,KG,Rs 280.00,Rs 300.00,Rs 290.00
Pineapple,1 Pc,Rs 180.00,Rs 200.00,Rs 190.00
Cucumber(Local),KG,Rs 100.00,Rs 120.00,Rs 110.00
Cucumber(Hybrid),KG,Rs 40.00,Rs 50.00,Rs 45.00
Lemon,KG,Rs 50.00,Rs 60.00,Rs 55.00
Pear(Chinese),KG,Rs 270.00,Rs 280.00,Rs 275.00
Papaya(Nepali),KG,Rs 50.00,Rs 60.00,Rs 55.00
Papaya(Indian),KG,Rs 90.00,Rs 100.00,Rs 95.00
Kiwi,KG,Rs 330.00,Rs 350.00,Rs 340.00
Sarifa,KG,Rs 200.00,Rs 250.00,Rs 226.67
Avocado,KG,Rs 200.00,Rs 250.00,Rs 226.67
Amla,KG,Rs 50.00,Rs 60.00,Rs 55.00
Ginger,KG,Rs 200.00,Rs 220.00,Rs 210.00
Chilli Dry,KG,Rs 400.00,Rs 450.00,Rs 426.67
Chilli Green,KG,Rs 150.00,Rs 160.00,Rs 155.00
Chilli Green(Bullet),KG,Rs 180.00,Rs 200.00,Rs 190.00
Chilli Green(Akbare),KG,Rs 240.00,Rs 280.00,Rs 260.00
Capsicum,KG,Rs 230.00,Rs 250.00,Rs 240.00
Garlic Green,KG,Rs 300.00,Rs 400.00,Rs 350.00
Coriander Green,KG,Rs 200.00,Rs 250.00,Rs 226.67
Garlic Dry Chinese,KG,Rs 280.00,Rs 300.00,Rs 290.00
Garlic Dry Nepali,KG,Rs 300.00,Rs 320.00,Rs 310.00
Clive Dry,KG,Rs 140.00,Rs 160.00,Rs 150.00
Clive Green,KG,Rs 300.00,Rs 350.00,Rs 326.67
Fish Fresh(Rahu),KG,Rs 340.00,Rs 345.00,Rs 342.33
Fish Fresh(Bachuwa),KG,Rs 240.00,Rs 250.00,Rs 245.00
Fish Fresh(Chhadi),KG,Rs 240.00,Rs 260.00,Rs 250.00
Tree Tomato,Kg,Rs 180.00,Rs 200.00,Rs 190.00
King Oyster,Kg,Rs 280.00,Rs 300.00,Rs 290.00
